time,speedX,speedY,speedZ,angle,damage,rpm,trackPos,steering,accel,brake,reward,loss,
22:52;12-11-16,-7.92003314321e-07,5.08223318805e-05,1.24763332618e-05,0.00114828433063,0.0,0.0942478027344,-5.4931599152e-05,0.0149701040605,0.307049479605,-0.0513608682498,-7.92955742975e-07,0.0312541052699,
